Workbook

Sheet Bearing Capacity
A1: Bearing Capacity Analysis of Shallow Foundation
A3: Soil | B3: Cohesion, c (kPa) | C3: Friction Angle, φ (°) | D3: Unit Weight, γ (kN/m³) | E3: Foundation Width, B (m) | F3: Foundation Depth, Df (m) | G3: Nc | H3: Nq | I3: Ny | J3: Ultimate Bearing Capacity, qu (kPa) | K3: Safe Bearing Capacity, qsafe (kPa)
A4: Loose Sand | B4: 0 | C4: 30 | D4: 16 | E4: 2 | F4: 1 | G4: =(H4-1)/TAN(RADIANS(C4)) -> 30.139628 | H4: =EXP(PI()*TAN(RADIANS(C4)))*TAN(RADIANS(45+C4/2))^2 -> 18.401122 | I4: =2*(H4+1)*TAN(RADIANS(C4)) -> 22.402486 | J4: =B4*G4+D4*F4*H4+0.5*D4*E4*I4 -> 652.85774 | K4: =J4/3 -> 217.61925
A5: Medium Dense Sand | B5: 0 | C5: 35 | D5: 17 | E5: 2 | F5: 1 | G5: =(H5-1)/TAN(RADIANS(C5)) -> 46.123599 | H5: =EXP(PI()*TAN(RADIANS(C5)))*TAN(RADIANS(45+C5/2))^2 -> 33.296091 | I5: =2*(H5+1)*TAN(RADIANS(C5)) -> 48.028764 | J5: =B5*G5+D5*F5*H5+0.5*D5*E5*I5 -> 1382.5225 | K5: =J5/3 -> 460.84085
A6: Soft Clay | B6: 20 | C6: 0 | D6: 17 | E6: 2 | F6: 1 | G6: 5.7 | H6: 1 | I6: 0 | J6: =B6*G6+D6*F6*H6+0.5*D6*E6*I6 -> 131 | K6: =J6/3 -> 43.666667
A7: Medium Clay | B7: 30 | C7: 0 | D7: 18 | E7: 2 | F7: 1 | G7: 5.7 | H7: 1 | I7: 0 | J7: =B7*G7+D7*F7*H7+0.5*D7*E7*I7 -> 189 | K7: =J7/3 -> 63

Sheet Effect of Width
A1: Foundation Width B (m) | B1: Loose Sand | C1: Medium Dense Sand | D1: Soft Clay | E1: Medium Clay
A2: 1 | B2: =(0*'Bearing Capacity'!G4+'Bearing Capacity'!D4*'Bearing Capacity'!F4*'Bearing Capacity'!H4+0.5*'Bearing Capacity'!D4*A2*'Bearing Capacity'!I4)/3 -> 157.87928 | C2: =(0*'Bearing Capacity'!G5+'Bearing Capacity'!D5*'Bearing Capacity'!F5*'Bearing Capacity'!H5+0.5*'Bearing Capacity'!D5*A2*'Bearing Capacity'!I5)/3 -> 324.75935 | D2: =(20*'Bearing Capacity'!G6+'Bearing Capacity'!D6*'Bearing Capacity'!F6*'Bearing Capacity'!H6+0.5*'Bearing Capacity'!D6*A2*'Bearing Capacity'!I6)/3 -> 43.666667 | E2: =(30*'Bearing Capacity'!G7+'Bearing Capacity'!D7*'Bearing Capacity'!F7*'Bearing Capacity'!H7+0.5*'Bearing Capacity'!D7*A2*'Bearing Capacity'!I7)/3 -> 63
A3: 1.5 | B3: =(0*'Bearing Capacity'!G4+'Bearing Capacity'!D4*'Bearing Capacity'!F4*'Bearing Capacity'!H4+0.5*'Bearing Capacity'!D4*A3*'Bearing Capacity'!I4)/3 -> 187.74926 | C3: =(0*'Bearing Capacity'!G5+'Bearing Capacity'!D5*'Bearing Capacity'!F5*'Bearing Capacity'!H5+0.5*'Bearing Capacity'!D5*A3*'Bearing Capacity'!I5)/3 -> 392.8001 | D3: =(20*'Bearing Capacity'!G6+'Bearing Capacity'!D6*'Bearing Capacity'!F6*'Bearing Capacity'!H6+0.5*'Bearing Capacity'!D6*A2*'Bearing Capacity'!I6)/3 -> 43.666667 | E3: =(30*'Bearing Capacity'!G7+'Bearing Capacity'!D7*'Bearing Capacity'!F7*'Bearing Capacity'!H7+0.5*'Bearing Capacity'!D7*A2*'Bearing Capacity'!I7)/3 -> 63
A4: 2 | B4: =(0*'Bearing Capacity'!G4+'Bearing Capacity'!D4*'Bearing Capacity'!F4*'Bearing Capacity'!H4+0.5*'Bearing Capacity'!D4*A4*'Bearing Capacity'!I4)/3 -> 217.61925 | C4: =(0*'Bearing Capacity'!G5+'Bearing Capacity'!D5*'Bearing Capacity'!F5*'Bearing Capacity'!H5+0.5*'Bearing Capacity'!D5*A4*'Bearing Capacity'!I5)/3 -> 460.84085 | D4: =(20*'Bearing Capacity'!G6+'Bearing Capacity'!D6*'Bearing Capacity'!F6*'Bearing Capacity'!H6+0.5*'Bearing Capacity'!D6*A2*'Bearing Capacity'!I6)/3 -> 43.666667 | E4: =(30*'Bearing Capacity'!G7+'Bearing Capacity'!D7*'Bearing Capacity'!F7*'Bearing Capacity'!H7+0.5*'Bearing Capacity'!D7*A2*'Bearing Capacity'!I7)/3 -> 63
A5: 2.5 | B5: =(0*'Bearing Capacity'!G4+'Bearing Capacity'!D4*'Bearing Capacity'!F4*'Bearing Capacity'!H4+0.5*'Bearing Capacity'!D4*A5*'Bearing Capacity'!I4)/3 -> 247.48923 | C5: =(0*'Bearing Capacity'!G5+'Bearing Capacity'!D5*'Bearing Capacity'!F5*'Bearing Capacity'!H5+0.5*'Bearing Capacity'!D5*A5*'Bearing Capacity'!I5)/3 -> 528.88159 | D5: =(20*'Bearing Capacity'!G6+'Bearing Capacity'!D6*'Bearing Capacity'!F6*'Bearing Capacity'!H6+0.5*'Bearing Capacity'!D6*A2*'Bearing Capacity'!I6)/3 -> 43.666667 | E5: =(30*'Bearing Capacity'!G7+'Bearing Capacity'!D7*'Bearing Capacity'!F7*'Bearing Capacity'!H7+0.5*'Bearing Capacity'!D7*A2*'Bearing Capacity'!I7)/3 -> 63
A6: 3 | B6: =(0*'Bearing Capacity'!G4+'Bearing Capacity'!D4*'Bearing Capacity'!F4*'Bearing Capacity'!H4+0.5*'Bearing Capacity'!D4*A6*'Bearing Capacity'!I4)/3 -> 277.35921 | C6: =(0*'Bearing Capacity'!G5+'Bearing Capacity'!D5*'Bearing Capacity'!F5*'Bearing Capacity'!H5+0.5*'Bearing Capacity'!D5*A6*'Bearing Capacity'!I5)/3 -> 596.92234 | D6: =(20*'Bearing Capacity'!G6+'Bearing Capacity'!D6*'Bearing Capacity'!F6*'Bearing Capacity'!H6+0.5*'Bearing Capacity'!D6*A2*'Bearing Capacity'!I6)/3 -> 43.666667 | E6: =(30*'Bearing Capacity'!G7+'Bearing Capacity'!D7*'Bearing Capacity'!F7*'Bearing Capacity'!H7+0.5*'Bearing Capacity'!D7*A2*'Bearing Capacity'!I7)/3 -> 63
